{
  "Application": {
    "Pikachu": {
      "package_name": "com.pikachu.safety.application",
      "server_status": "online",
      "version": "1.0.0",
      "bypass_version": "0"
    }
  },
  "Games": [
    {
      "game_name": "PUBGM_GL",
      "package_name": "com.tencent.ig",
      "server_one": "unsafe",
      "server_two": "unsafe",
      "server_status": "online",
      "version": "3.7.0"
    },
    {
      "game_name": "PUBGM_KR",
      "package_name": "com.pubg.krmobile",
      "server_one": "safe",
      "server_two": "safe",
      "server_status": "online",
      "version": "3.7.0"
    }
  ]
}