{
  "Games": [
    {
      "game_name": "PUBGM_GL",
      "package_name": "com.tencent.ig",
      "server_one": "safe",
      "server_two": "unsafe",
      "server_status": "online",
      "version": "3.7.0"
    },
    {
      "game_name": "PUBGM_KR",
      "package_name": "com.pubg.krmobile",
      "server_one": "safe",
      "server_two": "safe",
      "server_status": "online",
      "version": "3.7.0"
    },
    {
      "game_name": "PUBGM_VN",
      "package_name": "com.vng.pubgmobile",
      "server_one": "unsafe",
      "server_two": "safe",
      "server_status": "online",
      "version": "3.7.0"
    },
    {
      "game_name": "PUBGM_TW",
      "package_name": "com.rekoo.pubgm",
      "server_one": "unsafe",
      "server_two": "safe",
      "server_status": "online",
      "version": "3.7.0"
    },
    {
      "game_name": "PUBGM_IN",
      "package_name": "com.pubg.imobile",
      "server_one": "unsafe",
      "server_two": "unsafe",
      "server_status": "online",
      "version": "3.7.0"
    }
  ]
}